{
    "affinity_pred_value": 0.7960919141769409,
    "affinity_probability_binary": 0.446603000164032,
    "affinity_pred_value1": 0.71329665184021,
    "affinity_probability_binary1": 0.4715028405189514,
    "affinity_pred_value2": 0.8788871169090271,
    "affinity_probability_binary2": 0.42170313000679016
}