{
    "confidence_score": 0.9363124966621399,
    "ptm": 0.9781559705734253,
    "iptm": 0.9842122197151184,
    "ligand_iptm": 0.9842122197151184,
    "protein_iptm": 0.0,
    "complex_plddt": 0.9243375658988953,
    "complex_iplddt": 0.9161725640296936,
    "complex_pde": 0.32242631912231445,
    "complex_ipde": 0.3962246775627136,
    "chains_ptm": {
        "0": 0.9782226085662842,
        "1": 0.9476568102836609
    },
    "pair_chains_iptm": {
        "0": {
            "0": 0.9782226085662842,
            "1": 0.7166558504104614
        },
        "1": {
            "0": 0.9842122197151184,
            "1": 0.9476568102836609
        }
    }
}