{
    "confidence_score": 0.9347130060195923,
    "ptm": 0.972858190536499,
    "iptm": 0.98441481590271,
    "ligand_iptm": 0.98441481590271,
    "protein_iptm": 0.0,
    "complex_plddt": 0.9222875833511353,
    "complex_iplddt": 0.9170727133750916,
    "complex_pde": 0.346581369638443,
    "complex_ipde": 0.40367987751960754,
    "chains_ptm": {
        "0": 0.9724496603012085,
        "1": 0.9486544132232666
    },
    "pair_chains_iptm": {
        "0": {
            "0": 0.9724496603012085,
            "1": 0.7178609371185303
        },
        "1": {
            "0": 0.98441481590271,
            "1": 0.9486544132232666
        }
    }
}