{
    "confidence_score": 0.9387940168380737,
    "ptm": 0.9688380360603333,
    "iptm": 0.9842320084571838,
    "ligand_iptm": 0.9842320084571838,
    "protein_iptm": 0.0,
    "complex_plddt": 0.927434504032135,
    "complex_iplddt": 0.9171847701072693,
    "complex_pde": 0.3702811002731323,
    "complex_ipde": 0.407500684261322,
    "chains_ptm": {
        "0": 0.9680765867233276,
        "1": 0.9470908045768738
    },
    "pair_chains_iptm": {
        "0": {
            "0": 0.9680765867233276,
            "1": 0.7149841785430908
        },
        "1": {
            "0": 0.9842320084571838,
            "1": 0.9470908045768738
        }
    }
}