{
    "affinity_pred_value": 0.4726443290710449,
    "affinity_probability_binary": 0.6168136596679688,
    "affinity_pred_value1": 0.8565765619277954,
    "affinity_probability_binary1": 0.6915534138679504,
    "affinity_pred_value2": 0.08871208131313324,
    "affinity_probability_binary2": 0.5420739650726318
}