{
    "confidence_score": 0.9356971979141235,
    "ptm": 0.9773567914962769,
    "iptm": 0.9832801222801208,
    "ligand_iptm": 0.9832801222801208,
    "protein_iptm": 0.0,
    "complex_plddt": 0.9238014817237854,
    "complex_iplddt": 0.9265065789222717,
    "complex_pde": 0.3288448452949524,
    "complex_ipde": 0.4020250141620636,
    "chains_ptm": {
        "0": 0.9773603677749634,
        "1": 0.9426184892654419
    },
    "pair_chains_iptm": {
        "0": {
            "0": 0.9773603677749634,
            "1": 0.8192234635353088
        },
        "1": {
            "0": 0.9832801222801208,
            "1": 0.9426184892654419
        }
    }
}