{
    "confidence_score": 0.9408318400382996,
    "ptm": 0.9656118750572205,
    "iptm": 0.9820894002914429,
    "ligand_iptm": 0.9820894002914429,
    "protein_iptm": 0.0,
    "complex_plddt": 0.9305174350738525,
    "complex_iplddt": 0.9256209135055542,
    "complex_pde": 0.38410794734954834,
    "complex_ipde": 0.42599013447761536,
    "chains_ptm": {
        "0": 0.9648209810256958,
        "1": 0.9420510530471802
    },
    "pair_chains_iptm": {
        "0": {
            "0": 0.9648209810256958,
            "1": 0.8025579452514648
        },
        "1": {
            "0": 0.9820894002914429,
            "1": 0.9420510530471802
        }
    }
}