{
    "confidence_score": 0.9369503855705261,
    "ptm": 0.9752597212791443,
    "iptm": 0.9851115942001343,
    "ligand_iptm": 0.9851115942001343,
    "protein_iptm": 0.0,
    "complex_plddt": 0.9249101281166077,
    "complex_iplddt": 0.928768515586853,
    "complex_pde": 0.34211277961730957,
    "complex_ipde": 0.39390313625335693,
    "chains_ptm": {
        "0": 0.9749212861061096,
        "1": 0.9456958174705505
    },
    "pair_chains_iptm": {
        "0": {
            "0": 0.9749212861061096,
            "1": 0.8302253484725952
        },
        "1": {
            "0": 0.9851115942001343,
            "1": 0.9456958174705505
        }
    }
}