{
    "affinity_pred_value": -0.6497622728347778,
    "affinity_probability_binary": 0.8011776208877563,
    "affinity_pred_value1": -0.6406533718109131,
    "affinity_probability_binary1": 0.7879448533058167,
    "affinity_pred_value2": -0.6588712334632874,
    "affinity_probability_binary2": 0.8144103288650513
}