{
    "confidence_score": 0.9320085644721985,
    "ptm": 0.9776434898376465,
    "iptm": 0.9895949959754944,
    "ligand_iptm": 0.9895949959754944,
    "protein_iptm": 0.0,
    "complex_plddt": 0.9176118969917297,
    "complex_iplddt": 0.9249722957611084,
    "complex_pde": 0.31541430950164795,
    "complex_ipde": 0.3465106189250946,
    "chains_ptm": {
        "0": 0.9772680401802063,
        "1": 0.9610540866851807
    },
    "pair_chains_iptm": {
        "0": {
            "0": 0.9772680401802063,
            "1": 0.6887812614440918
        },
        "1": {
            "0": 0.9895949959754944,
            "1": 0.9610540866851807
        }
    }
}