{
    "confidence_score": 0.9360693097114563,
    "ptm": 0.9689450263977051,
    "iptm": 0.9891204237937927,
    "ligand_iptm": 0.9891204237937927,
    "protein_iptm": 0.0,
    "complex_plddt": 0.9228065609931946,
    "complex_iplddt": 0.926682710647583,
    "complex_pde": 0.36467790603637695,
    "complex_ipde": 0.36554837226867676,
    "chains_ptm": {
        "0": 0.9679729342460632,
        "1": 0.9588291645050049
    },
    "pair_chains_iptm": {
        "0": {
            "0": 0.9679729342460632,
            "1": 0.6635513305664062
        },
        "1": {
            "0": 0.9891204237937927,
            "1": 0.9588291645050049
        }
    }
}