{
    "confidence_score": 0.9339224696159363,
    "ptm": 0.9795385003089905,
    "iptm": 0.9892857670783997,
    "ligand_iptm": 0.9892857670783997,
    "protein_iptm": 0.0,
    "complex_plddt": 0.9200816750526428,
    "complex_iplddt": 0.9266865849494934,
    "complex_pde": 0.3074047565460205,
    "complex_ipde": 0.3466554284095764,
    "chains_ptm": {
        "0": 0.9793016314506531,
        "1": 0.9606591463088989
    },
    "pair_chains_iptm": {
        "0": {
            "0": 0.9793016314506531,
            "1": 0.6833553910255432
        },
        "1": {
            "0": 0.9892857670783997,
            "1": 0.9606591463088989
        }
    }
}